244,de,Netzwerk & Konnektivität,Wie aktiviere oder deaktiviere ich Mobilfunkbänder auf FuriOS?,"Bänder aktivieren, Bänder deaktivieren, Mobilfunkbänder","Gehen Sie zu Einstellungen > Mobiles Netzwerk > Enabled Bands, wählen Sie dann den Bandtyp aus, den Sie umschalten möchten (2G, 3G, 4G, usw.) und aktivieren oder deaktivieren Sie ihn.",yes
245,de,Netzwerk & Konnektivität,Wie schalte ich WLAN aus oder ein?,WLAN,Es gibt zwei Möglichkeiten. Die erste und einfachste ist: Von oben des Bildschirms nach unten wischen um die Quick Settings anzuzeigen und auf das WLAN tippen um es aus- oder einzuschalten. Die Farbe ändert sich zu grau/orange. Die zweite Möglichkeit ist: Gehen Sie zu Einstellungen > WLAN und schalten Sie WLAN an/aus.,yes
246,de,Einstellungen,Wie öffne ich die Einstellungs-App auf FuriOS?,"Einstellungen, Einstellungen öffnen, auf Einstellungen zugreifen","Sie können Einstellungen öffnen, indem Sie auf das Einstellungssymbol in Ihrer App-Liste tippen oder von oben des Bildschirms nach unten wischen um das Quick Settings Panel zu öffnen und auf das Zahnradsymbol unten rechts tippen.",yes
247,de,Netzwerk & Konnektivität,Wie verbinde ich mich mit einem WLAN-Netzwerk auf FuriOS?,"WLAN verbinden, WLAN beitreten, WLAN-Netzwerk",Gehen Sie zu Einstellungen > WLAN. Stellen Sie sicher dass WLAN aktiviert ist (Schalter an). Verfügbare Netzwerke werden unter Sichtbare Netzwerke angezeigt. Tippen Sie auf das Netzwerk das Sie verbinden möchten und geben Sie das Passwort ein falls erforderlich.,yes
248,de,Netzwerk & Konnektivität,Wie zeige ich meine gespeicherten WLAN-Netzwerke an?,"gespeichertes WLAN, gespeicherte Netzwerke, erinnertes WLAN",Gehen Sie zu Einstellungen > WLAN und tippen Sie auf Gespeicherte Netzwerke. Ein Popup wird angezeigt das alle zuvor verbundenen WLAN-Netzwerke zeigt. Von hier aus können Sie Ihre gespeicherten Verbindungen anzeigen und verwalten.,yes
249,de,Netzwerk & Konnektivität,Wie vergesse oder entferne ich ein gespeichertes WLAN-Netzwerk?,"WLAN vergessen, WLAN entfernen, gespeichertes Netzwerk löschen","Gehen Sie zu Einstellungen > WLAN, tippen Sie auf das verbundene oder gespeicherte Netzwerk um seine Details zu öffnen, scrollen Sie nach unten und tippen Sie auf die Mülltonne... um es aus Ihren gespeicherten Netzwerken zu entfernen.",yes
250,de,Netzwerk & Konnektivität,Wie verbinde ich mich mit einem versteckten WLAN-Netzwerk?,"verstecktes WLAN, verstecktes Netzwerk, unsichtbares WLAN","Gehen Sie zu Einstellungen > WLAN und tippen Sie auf Mit verborgenem Funknetzwerk verbinden.... Im Popup wählen Sie Ihren WLAN-Adapter aus, geben Sie den Netzwerknamen ein, wählen Sie den WLAN-Sicherheitstyp (Keine, WPA, WPA2 usw.), geben Sie das Passwort ein falls erforderlich und tippen Sie auf Verbinden.",yes
251,de,Netzwerk & Konnektivität,Wie schalte ich WLAN-Hotspot auf FuriOS ein?,"WLAN-Hotspot, Hotspot, Tethering, Internet teilen, mobiler Hotspot",Gehen Sie zu Einstellungen > WLAN und tippen Sie auf WLAN-Hotspot einschalten.... Ein Popup wird angezeigt wo Sie den Netzwerknamen (Standard: furiphoneflx1s) und das Passwort einstellen können. Tippen Sie auf Einschalten um den Hotspot zu aktivieren. Andere können sich dann verbinden um Ihr Internet zu teilen.,yes
252,de,Netzwerk & Konnektivität,Wie ändere ich meinen WLAN-Hotspot-Namen und Passwort?,"Hotspot-Name, Hotspot-Passwort, Hotspot ändern",Gehen Sie zu Einstellungen > WLAN und tippen Sie auf WLAN-Hotspot einschalten.... Im Konfigurationspopup können Sie die Felder Netzwerkname und Passwort bearbeiten bevor Sie den Hotspot einschalten.,yes
253,de,Netzwerk & Konnektivität,Wie schalte ich WLAN-Hotspot aus?,"Hotspot ausschalten, Hotspot deaktivieren, Hotspot stoppen","Wenn der Hotspot aktiv ist, gehen Sie zu Einstellungen > WLAN. Sie sehen den Text ""WLAN-Hotspot aktiv"" mit einem QR-Code. Tippen Sie auf WLAN-Hotspot ausschalten... um ihn zu deaktivieren und zum normalen WLAN-Modus zurückzukehren.",yes
254,de,Netzwerk & Konnektivität,Wie verbinden sich andere mit meinem WLAN-Hotspot?,"mit Hotspot verbinden, zum Hotspot beitreten, QR-Code Hotspot scannen",Wenn Ihr Hotspot aktiv ist wird ein QR-Code auf dem Bildschirm Einstellungen > WLAN angezeigt. Andere Geräte können diesen QR-Code scannen um sich automatisch zu verbinden oder können den Hotspot-Namen manuell suchen und das Passwort eingeben.,yes
255,de,Netzwerk & Konnektivität,Wie aktiviere ich Flugmodus auf FuriOS?,"Flugmodus, Flugmodus, Mobilfunk deaktivieren",Gehen Sie zu Einstellungen > WLAN und schalten Sie Flugmodus ein. Dies deaktiviert Mobilfunk. Sie können auch auf Flugmodus in den Quick Settings zugreifen indem Sie von oben des Bildschirms nach unten wischen.,yes
256,de,Netzwerk & Konnektivität,Wie zeige ich WLAN-Netzwerkdetails auf FuriOS an?,"WLAN-Details, Netzwerkinfo, WLAN-Informationen, IP-Adresse","Gehen Sie zu Einstellungen > WLAN und tippen Sie auf ein verbundenes Netzwerk. Der Reiter Details zeigt: Signalstärke, Sicherheitstyp, IPv4-Adresse, IPv6-Adresse, Hardware-Adresse (MAC), unterstützte Frequenzen (2,4 GHz/5 GHz), Standardroute und DNS.",yes
257,de,Netzwerk & Konnektivität,Wie finde ich meine IP-Adresse auf FuriOS?,"IP-Adresse, IPv4, IPv6, Netzwerkadresse","Gehen Sie zu Einstellungen > WLAN, tippen Sie auf Ihr verbundenes Netzwerk und zeigen Sie den Reiter Details an. Ihre IPv4-Adresse und IPv6-Adresse werden dort zusammen mit den DNS-Einstellungen angezeigt.",yes
258,de,Netzwerk & Konnektivität,Wie finde ich meine MAC-Adresse auf FuriOS?,"MAC-Adresse, Hardware-Adresse, WLAN-MAC","Gehen Sie zu Einstellungen > WLAN, tippen Sie auf Ihr verbundenes Netzwerk und zeigen Sie den Reiter Details an. Ihre Hardware-Adresse (MAC-Adresse) wird dort angezeigt.",yes
259,de,Netzwerk & Konnektivität,Wie stelle ich eine WLAN-Verbindung so ein dass das Handy sich automatisch mit dem WLAN-Router verbindet?,"Auto-Connect WLAN, automatisches WLAN, automatisch verbinden","Gehen Sie zu Einstellungen > WLAN, tippen Sie auf Ihr verbundenes Netzwerk und aktivieren Sie im Reiter Details das Kontrollkästchen Automatisch verbinden. Das Gerät verbindet sich automatisch mit diesem Netzwerk wenn es in Reichweite ist.",yes
260,de,Netzwerk & Konnektivität,Wie teile ich eine WLAN-Verbindung mit anderen Benutzern auf FuriOS?,"WLAN teilen, WLAN andere Benutzer, Multi-Benutzer-WLAN","Gehen Sie zu Einstellungen > WLAN, tippen Sie auf ein Netzwerk und aktivieren Sie im Reiter Details Für andere Benutzer verfügbar machen. Dies ermöglicht anderen Benutzerkonten auf dem Gerät die Verwendung dieser gespeicherten Verbindung.",yes
261,de,Netzwerk & Konnektivität,Wie stelle ich ein WLAN-Netzwerk als getaktet auf FuriOS ein?,"getaktete Verbindung, Datenlimit, getaktetes WLAN","Gehen Sie zu Einstellungen > WLAN, tippen Sie auf ein Netzwerk und aktivieren Sie im Reiter Details Getaktete Verbindung. Dies gibt an dass die Verbindung Datengrenzen hat oder Gebühren entstehen können. Software-Updates und große Downloads starten nicht automatisch auf getakteten Verbindungen.",yes
262,de,Netzwerk & Konnektivität,Wie zeige ich WLAN-Identitätseinstellungen an oder ändere sie?,"WLAN-Identität, BSSID, geklonte MAC, MAC-Adressrandomisierung","Gehen Sie zu Einstellungen > WLAN, tippen Sie auf ein Netzwerk und wählen Sie den Reiter Identität. Hier können Sie anzeigen und konfigurieren: BSSID, MAC-Adresse und Geklonte Adresse Einstellungen.",yes
263,de,Einstellungen,Wie konfiguriere ich eine statische IP-Adresse auf WLAN?,"statische IP, manuelle IP, feste IP-Adresse, DHCP aus","Gehen Sie zu Einstellungen > WLAN, tippen Sie auf ein Netzwerk, wählen Sie den Reiter IPv4 und ändern Sie IPv4-Methode von Automatisch (DHCP) auf Manuell. Geben Sie dann Ihre gewünschte Adresse, Netzmaske, DNS und Routen ein.",yes
264,de,Allgemein,Welche IPv4-Methoden sind auf WLAN auf FuriOS verfügbar?,"IPv4-Methoden, DHCP, manuelle IP, geteilt","Gehen Sie zu Einstellungen > WLAN, tippen Sie auf ein Netzwerk und wählen Sie den Reiter IPv4. Verfügbare Methoden sind: Automatisch (DHCP) - erhält IP automatisch, Manuell - statische IP einstellen und Für andere Computer geteilt - Verbindung teilen.",yes
265,de,Einstellungen,Wie stelle ich benutzerdefinierte DNS-Server für WLAN ein?,"benutzerdefiniertes DNS, DNS ändern, DNS-Einstellungen","Gehen Sie zu Einstellungen > WLAN, tippen Sie auf ein Netzwerk und wählen Sie den Reiter IPv4 oder IPv6. Geben Sie im DNS-Feld Ihre bevorzugten DNS-Serveradressen ein. Trennen Sie mehrere IP-Adressen mit Kommas.",yes
266,de,Einstellungen,Wie konfiguriere ich IPv6-Einstellungen auf WLAN?,"IPv6-Einstellungen, IPv6 konfigurieren, IPv6 manuell","Gehen Sie zu Einstellungen > WLAN, tippen Sie auf ein Netzwerk und wählen Sie den Reiter IPv6. Wählen Sie Ihre Methode: Automatisch, Automatisch, DHCP, Nur Lokal-Link, Manuell, Für andere Geräte geteilt oder Deaktivieren.",yes
267,de,Allgemein,Welche IPv6-Methoden sind auf WLAN auf FuriOS verfügbar?,"IPv6-Methoden, IPv6-Optionen, IPv6-Modi","Gehen Sie zu Einstellungen > WLAN > [Netzwerk] > IPv6. Methoden umfassen: Automatisch, Automatisch, DHCP, Nur Lokal-Link, Manuell (Adresse, Präfix, Gateway eingeben), Für andere Geräte geteilt und Deaktivieren (IPv6 ausschalten).",yes
268,de,Allgemein,Wie deaktiviere ich IPv6 auf FuriOS?,"IPv6 deaktivieren, IPv6 ausschalten, IPv6 aus","Gehen Sie zu Einstellungen > WLAN, tippen Sie auf ein Netzwerk, wählen Sie den Reiter IPv6 und stellen Sie IPv6-Methode auf Deaktivieren. Tippen Sie auf Anwenden um die Änderungen zu speichern.",yes
269,de,Netzwerk & Konnektivität,Wie verwende ich eine WLAN-Verbindung nur für ihre eigenen Netzwerkressourcen?,"nur Netzwerk, lokale Ressourcen, keine Standardroute","Gehen Sie zu Einstellungen > WLAN, tippen Sie auf ein Netzwerk, wählen Sie den Reiter IPv4 oder IPv6 und aktivieren Sie Diese Verbindung nur für Ressourcen in seinem Netzwerk verwenden. Dies verhindert dass die Verbindung Ihre Standardroute wird.",yes
270,de,Netzwerk & Konnektivität,Wie zeige ich WLAN-Sicherheitseinstellungen an oder ändere sie?,"WLAN-Sicherheit, WLAN-Passwort, WPA, WPA2, WPA3","Gehen Sie zu Einstellungen > WLAN, tippen Sie auf ein Netzwerk und wählen Sie den Reiter Sicherheit. Hier können Sie den Sicherheitstyp (z.B. WPA & WPA2 Personal) sehen und das Passwort aktualisieren. Aktivieren Sie Passwort anzeigen um das aktuelle Passwort anzuzeigen.",yes
271,de,Netzwerk & Konnektivität,Wie ändere ich mein gespeichertes WLAN-Passwort?,"WLAN-Passwort ändern, WLAN-Passwort aktualisieren, falsches Passwort","Gehen Sie zu Einstellungen > WLAN, tippen Sie auf das gespeicherte Netzwerk, wählen Sie den Reiter Sicherheit, geben Sie das neue Passwort in das Passwortfeld ein und tippen Sie auf Anwenden um zu speichern.",yes
272,de,Einstellungen,Wie greife ich auf Quick Settings auf FuriOS zu?,"Quick Settings, Benachrichtigungsbereich, nach unten wischen, Schalter",Von oben des Bildschirms nach unten wischen um das Quick Settings Panel zu öffnen. Hier können Sie WLAN   Bluetooth Taschenlampe  Hotspot umschalten und Benachrichtigungen anzeigen. Nach unten wischen um für weitere Optionen zu expandieren.,yes
273,de,Hardware-Funktionen,Wie schalte ich die Taschenlampe/Fackel auf FuriOS ein?,"Taschenlampe, Fackel, LED-Licht",Von oben des Bildschirms nach unten wischen um Quick Settings zu öffnen   dann tippen Sie auf das Taschenlampen-Symbol um die Taschenlampe einzuschalten. Tippen Sie erneut um sie auszuschalten.,yes
274,de,Einstellungen,Wie lösche ich Benachrichtigungen auf FuriOS?,"Benachrichtigungen löschen, Benachrichtigungen verwerfen, Benachrichtigungen entfernen",Von oben des Bildschirms nach unten wischen um den Benachrichtigungsbereich zu öffnen. Tippen Sie auf Alle löschen oben rechts um alle Benachrichtigungen auf einmal zu verwerfen. Sie können auch einzelne Benachrichtigungen nach links oder rechts wischen um sie zu verwerfen.,yes
275,de,Netzwerk & Konnektivität,Wie schalte ich Hotspot schnell über das Benachrichtigungsbereich um?,"schneller Hotspot, Hotspot umschalten, Hotspot-Verknüpfung",Von oben des Bildschirms nach unten wischen um Quick Settings zu öffnen. Tippen Sie auf das Hotspot-Symbol um es schnell ein- oder auszuschalten ohne in die Einstellungen zu gehen.,yes
276,de,Einstellungen,Welche Quick Toggles sind im FuriOS-Benachrichtigungsbereich verfügbar?,"Quick Toggles, Benachrichtigungs-Toggles, schneller Zugriff","Das Quick Settings Panel (von oben nach unten wischen) enthält Umschalter für: WLAN, Bluetooth, Taschenlampe (Taschenlampe), Hotspot und zeigt das aktuelle Datum und den Batterieprozentsatz.",yes
277,de,Allgemein,Wo werden Screenshots auf FuriOS gespeichert?,"Screenshot-Speicherort, Screenshot-Ordner, gespeicherte Screenshots",Screenshots auf FuriOS werden unter /home/furios/Pictures/Screenshots/ gespeichert. Wenn Sie einen Screenshot machen erscheint eine Benachrichtigung mit dem vollständigen Pfad zur gespeicherten Datei.,yes
278,de,Netzwerk & Konnektivität,Welche Reiter sind beim Anzeigen von WLAN-Netzwerkeinstellungen verfügbar?,"WLAN-Reiter, Netzwerkeinstellungs-Reiter, WLAN-Optionen","Wenn Sie in den Einstellungen auf ein WLAN-Netzwerk tippen können Sie auf diese Reiter zugreifen: Details (Verbindungsinfo), Identität (BSSID, MAC), IPv4 (IP-Konfiguration), IPv6 (IPv6-Konfiguration) und Sicherheit (Passwort und Verschlüsselung).",yes
279,de,Netzwerk & Konnektivität,Wie greife ich auf Netzwerkeinstellungen auf FuriOS zu?,"Netzwerkeinstellungen, VPN, Proxy",Gehen Sie zu Einstellungen > Netzwerk. Hier können Sie VPN-Verbindungen und Proxy-Einstellungen konfigurieren.,yes
280,de,Allgemein,Wie richte ich ein VPN auf FuriOS ein?,"VPN, VPN hinzufügen, VPN-Setup","Gehen Sie zu Einstellungen > Netzwerk > VPN und tippen Sie auf die + Schaltfläche. Wählen Sie Ihren VPN-Typ: L2TP, OpenVPN, PPTP, SSTP, Cisco-kompatibel (vpnc) oder WireGuard. Sie können auch eine VPN-Konfiguration aus einer Datei importieren.",yes
281,de,Support,Welche VPN-Typen werden auf FuriOS unterstützt?,"VPN-Typen, VPN-Protokolle, VPN-Optionen","FuriOS unterstützt: L2TP (Layer 2 Tunneling Protocol), OpenVPN, PPTP (Point-to-Point Tunneling), SSTP (Secure Socket Tunneling), Cisco-kompatibeles VPN (vpnc) und WireGuard. Sie können auch VPN-Konfigurationen aus einer Datei importieren.",yes
282,de,Allgemein,Wie richte ich WireGuard VPN auf FuriOS ein?,"WireGuard, WireGuard VPN, WireGuard-Setup","Gehen Sie zu Einstellungen > Netzwerk > VPN, tippen Sie auf + und wählen Sie WireGuard. Geben Sie den Verbindungsnamen, Schnittstellennamen, privaten Schlüssel, Listen-Port (Standard 51820) ein und konfigurieren Sie Ihre Peers. Sie können auch MTU und fwmark Werte einstellen.",yes
283,de,Netzwerk & Konnektivität,Wie konfiguriere ich einen Netzwerk-Proxy auf FuriOS?,"Proxy, Netzwerk-Proxy, Proxy-Einstellungen",Gehen Sie zu Einstellungen > Netzwerk > Proxy. Aktivieren Sie Netzwerk-Proxy und setzen Sie die Konfiguration auf Automatisch. Geben Sie die Konfigurations-URL für Ihren Proxy-Server ein.,yes
284,de,Speicher & Wiederherstellung,Wie importiere ich eine VPN-Konfigurationsdatei?,"VPN importieren, VPN-Datei, VPN-Konfigurationsdatei","Gehen Sie zu Einstellungen > Netzwerk > VPN, tippen Sie auf + und wählen Sie Aus Datei importieren... um eine vorhandene VPN-Konfigurationsdatei zu importieren.",yes
285,de,Netzwerk & Konnektivität,Wie greife ich auf Mobilfunknetzwerk-Einstellungen zu?,"Mobilfunknetzwerk, Mobilfunk, Mobilfunkdaten, SIM","Gehen Sie zu Einstellungen > Mobilfunknetzwerk. Hier können Sie Mobilfunkdaten, Datenroaming, aktivierte Bänder, IP-Konfiguration, Access Point Namen (APN), MMS-Einstellungen, SIM-Sperre und Modem-Details verwalten.",yes
286,de,Netzwerk & Konnektivität,Wie schalte ich Mobilfunkdaten auf FuriOS ein?,"Mobilfunkdaten, Mobilfunkdaten, Daten ein",Gehen Sie zu Einstellungen > Mobilfunknetzwerk und schalten Sie Mobilfunkdaten ein um Daten über Ihr Mobilfunknetzwerk zu nutzen.,yes
287,de,Allgemein,Wie aktiviere ich Datenroaming auf FuriOS?,"Datenroaming, Roaming, internationale Daten",Gehen Sie zu Einstellungen > Mobilfunknetzwerk und schalten Sie Datenroaming ein um Mobilfunkdaten zu nutzen wenn Sie im Roaming bei anderen Netzwerken sind.,yes
288,de,Einstellungen,Wie konfiguriere ich MMS-Einstellungen auf FuriOS?,"MMS, Multimedia-Nachrichten, MMS-Einstellungen, Bildnachrichten","Gehen Sie zu Einstellungen > Mobilfunknetzwerk > Multimedia-Nachrichtendienst. Geben Sie den Nachrichtenproxy, Nachrichtenzentrale (MMSC) URL, Access Point Name (APN), Benutzername und Passwort für Ihren Netzbetreiber ein.",yes
289,de,Netzwerk & Konnektivität,Wie sperre ich meine SIM-Karte mit einer PIN?,"SIM-Sperre, SIM-PIN, SIM sperren",Gehen Sie zu Einstellungen > Mobilfunknetzwerk > SIM-Sperre und schalten Sie SIM mit PIN sperren ein. Sie müssen eine PIN eingeben die jedes Mal erforderlich ist wenn das Gerät startet.,yes
290,de,Netzwerk & Konnektivität,Wie zeige ich Modem-Details auf FuriOS an?,"Modem-Details, IMEI, Netzwerkstatus, Signalstärke","Gehen Sie zu Einstellungen > Mobilfunknetzwerk > Modem-Details. Dies zeigt Netzbetreiber, Netzwerktyp (z.B. LTE), Signalstärke, Netzwerkstatus, IMS-Registrierung, Voice/SMS-Fähigkeit, Hersteller, Modell, Firmware-Version und IMEI.",yes
291,de,Allgemein,Wie finde ich meine IMEI-Nummer auf FuriOS?,"IMEI, IMEI-Nummer, Geräte-ID",Gehen Sie zu Einstellungen > Mobilfunknetzwerk > Modem-Details. Ihre IMEI-Nummer wird am unteren Ende des Modem-Informationsbildschirms angezeigt.,yes
292,de,Netzwerk & Konnektivität,Wie wähle ich ein Mobilfunknetzwerk manuell aus?,"Netzwerkauswahl, manuelles Netzwerk, Netzbetreiber-Auswahl",Gehen Sie zu Einstellungen > Mobilfunknetzwerk > Netzwerk. Deaktivieren Sie Automatisch um manuell aus verfügbaren Netzwerken auszuwählen.,yes
293,de,Netzwerk & Konnektivität,Wie verbinde ich ein Bluetooth-Gerät mit FuriOS?,"Bluetooth, Bluetooth koppeln, Bluetooth verbinden",Gehen Sie zu Einstellungen > Bluetooth. Stellen Sie sicher dass Bluetooth aktiviert ist. Verfügbare Geräte werden in der Liste angezeigt - tippen Sie auf ein Gerät um es zu koppeln und zu verbinden.,yes
294,de,Netzwerk & Konnektivität,Kann ich Dateien über Bluetooth auf FuriOS empfangen?,"Bluetooth-Dateiübertragung, Dateien über Bluetooth empfangen",Ja! Gehen Sie zu Einstellungen > Bluetooth und stellen Sie sicher dass Bluetooth an ist. Ihr Gerät ist jetzt sichtbar und verfügbar für Bluetooth-Dateiübertragungen. Übertragene Dateien werden im Downloads-Ordner platziert.,yes
295,de,Einstellungen,Wie ändere ich die Skalierung auf FuriOS?,"Anzeigeskalierungsfaktor, Bildschirmskalierung, Zoom, Größe der Benutzeroberfläche","Gehen Sie zu Einstellungen > Bildschirme und passen Sie den Skalierungsfaktor an. Optionen umfassen 100%, 125%, 150%, 175% und 200%.",yes
296,de,Einstellungen,Was ist die FLX1s-Bildschirmauflösung und Bildwiederholfrequenz?,"Bildschirmauflösung, Bildwiederholfrequenz, Anzeigemerkmale",Der FLX1s hat eine Auflösung von 720 x 1600 mit einer Bildwiederholfrequenz von 90 Hz. Sehen Sie dies unter Einstellungen > Anzeigen.,yes
297,de,Allgemein,Wie aktiviere ich den Nachtmodus auf FuriOS?,"Nachtmodus, Blaulichtfilter, Augenstress, warmer Bildschirm",Gehen Sie zu Einstellungen > Bildschirme > Nachtmodus. Schalten Sie Nachtmodus ein und passen Sie den Regler Farbtemperatur an. Der Nachtmodus macht den Bildschirm wärmer gefärbt um Augenstress und Schlafprobleme zu verhindern.,yes
298,de,Allgemein,Wie aktiviere ich Wake-Gesten auf FuriOS?,"Wake-Geste, Neigen zum Aufwachen, Heben zum Aufwachen",Gehen Sie zu Einstellungen > Bildschirme und schalten Sie Wake-Geste ein um den Wake-Gesten-Sensor zu aktivieren. Sie können auch Neigen zum Aufwachen aktivieren um den Bildschirm zu aktivieren indem Sie das Gerät neigen.,yes
299,de,Einstellungen,Welche Anzeigeoptionen sind auf FuriOS verfügbar?,"Anzeigenanpassung, lebendiger Modus, HDR, Schärfe","Gehen Sie zu Einstellungen > Bildschirme > Anzeigenanpassung. Optionen umfassen: PQ-Modus (lebhaft), Anzeigefarbe, Inhaltsfarbe, Inhaltsfarbe Video, Schärfe, dynamischer Kontrast, dynamische Schärfe, Anzeigeverbindung, ISO-adaptive Schärfe, Ultra-Auflösung und Video-HDR.",yes
300,de,Einstellungen,Wie ändere ich das Soundausgabegerät auf FuriOS?,"Soundausgabe, Lautsprecher, Audioausgabe, Hörer","Gehen Sie zu Einstellungen > Audio und ändern Sie das Dropdown Ausgabegerät. Optionen umfassen: Zum Lautsprecher ausgeben, Parkierungsport, Zum Hörer ausgeben und Keine Ausgabe.",yes
301,de,Einstellungen,Wie ändere ich die Mikrofoneingabe auf FuriOS?,"Mikrofon, Eingabegerät, Mikrofon-Einstellungen","Gehen Sie zu Einstellungen > Audio und ändern Sie das Dropdown Eingabegerät. Optionen umfassen: Vom eingebauten Mikrofon eingeben, Parkierungsport, Vom hinteren Mikrofon eingeben, Vom Sprachanruf eingeben und Keine Eingabe.",yes
302,de,Einstellungen,Wie ändere ich den Klingelton auf FuriOS?,"Warnton, Benachrichtigungston, Systemtöne","Gehen Sie zu Einstellungen > Audio > Warnton. Wählen Sie aus: Keine, Klick, String, Swing oder Summen.",yes
303,de,Allgemein,Wie teste ich meine Lautsprecher auf FuriOS?,"Lautsprecher testen, Lautsprecher-Test, Audio-Test",Gehen Sie zu Einstellungen > Sound und tippen Sie auf Test... neben Ausgabe. Ein Popup wird angezeigt das Ihnen erlaubt jeden Lautsprecher zu testen.,yes
304,de,Einstellungen,Wie ändere ich den Energiesparmodus auf FuriOS?,"Energiesparmodus, Leistungsmodus, Batteriesparmonitor, Energiesparen","Gehen Sie zu Einstellungen > Energie. Wählen Sie aus: Leistung  (hohe Leistung und Energieverbrauch), Ausgeglichen (Standard) oder Energiesparen (reduzierte Leistung und Energieverbrauch).",yes
305,de,Allgemein,Wie schalte ich die Akku anzeige ein ?,"Batterieprozentsatz, Batteriestand, Prozentsatz anzeigen",Gehen Sie zu Einstellungen > Energie und schalten Sie die (Show Battery Percentage) anzeigen ein um den genauen Ladestand in der oberen Leiste anzuzeigen.,yes
306,de,FuriOS / FuriPhone,Wie aktiviere ich automatische Bildschirmhelligkeit auf FuriOS?,"automatische Helligkeit, automatische Helligkeit, adaptive Helligkeit",Gehen Sie zu Einstellungen > Energie > Power Savings und schalten Sie Automatische Bildschirmhelligkeit ein um die Bildschirmhelligkeit basierend auf dem Umgebungslicht anzupassen.,yes
307,de,Einstellungen,Was ist Batman-Energieverwaltung?,"Batman, Batman-Energie, Energieverwaltung",Batman ist die fortgeschrittene Energieverwaltung für FuriOS. Gehen Sie zu Einstellungen > Energie > PowerSavings Batman-Energieverwaltung um auf Batman Power Saving Options für fortgeschrittene Energiekontrolle zuzugreifen.,yes
308,de,Allgemein,Wie ändere ich die Verzögerung zum Bildschirm ausschalten auf FuriOS?,"Bildschirm-Timeout, Bildschirm ausschalten, Auto aus",Gehen Sie zu Einstellungen > Energie > Power Savings und passen Sie Bildschirm automatisch ausschalten an. Stellen Sie die Verzögerung (z.B. 5 Minuten) ein für wie lange der Bildschirm nach Inaktivität ausgeschaltet wird.,yes
309,de,Einstellungen,Wie ändere ich das Theme auf FuriOS?,"Theme, dunkler Modus, heller Modus, Erscheinungsbild",Gehen Sie zu Einstellungen > Erscheinungsbild. Unter Stil wählen Sie Standard oder Dunkelmodus.,yes
310,de,Allgemein,Wie ändere ich die Akzentfarbe auf FuriOS?,"Akzentfarbe, Theme-Farbe, Farbschema",Gehen Sie zu Einstellungen > Erscheinungsbild und wählen Sie eine Akzentfarbe aus der Farbpalette um die System-Hervorhebungsfarbe anzupassen.,yes
311,de,Allgemein,Wie ändere ich das Hintergrundbild auf FuriOS?,"Hintergrundbild, Hintergrundbild, Startbildschirm-Hintergrundbild",Gehen Sie zu Einstellungen > Erscheinungsbild und tippen Sie auf + Bild hinzufügen... unter Hintergrundbild um ein benutzerdefiniertes Hintergrund-Bild auszuwählen.,yes
312,de,FuriOS / FuriPhone,Wie zeige ich installierte Apps auf FuriOS an?,"installierte Apps, App-Liste, Apps",Gehen Sie zu Einstellungen > Apps. Sie sehen eine suchbare Liste aller installierten Anwendungen. Tippen Sie auf eine App um ihre Details und Berechtigungen anzuzeigen.,yes
313,de,Android-Apps,Wie stelle ich Standard-Apps auf FuriOS ein?,"Standard-Apps, Standard-Browser, Standard-E-Mail","Gehen Sie zu Einstellungen > Apps > Vorgabe Anwendung. Hier können Sie Standard-Apps einstellen für: Web, Mail, Kalender, Musik, Video, Fotos, Anrufe und SMS.",yes
314,de,Einstellungen,Wie konfiguriere ich Autoplay für Wechselmedien auf FuriOS?,"Media-Autostart, Autoplay, Wechselmedien","Gehen Sie zu Einstellungen > Anwendungen > Vorgabe Anwendung und scrollen Sie zu Wechselmedien. Schalten Sie Media-Autostart um und stellen Sie Aktionen für CD Audio, DVD Video, Musik-Player, Fotos, Software und andere Medientypen ein.",yes
315,de,Android-Apps,Wie verberge ich eine App im App-Gitter auf FuriOS?,"App verbergen, aus Launcher entfernen, aus Gitter verbergen","Gehen Sie zu Einstellungen > Anwendungen, wählen Sie die App und schalten Sie Im App-Gitter verbergen ein um sie aus dem App-Gitter zu entfernen.",yes
316,de,Allgemein,Wie aktiviere ich Nicht-Stören auf FuriOS?,"Nicht-Stören, DND, stiller Modus",Gehen Sie zu Einstellungen > Benachrichtigungen und schalten Sie Nicht-Stören ein um Benachrichtigungen zu stummschalten.,yes
317,de,Einstellungen,Wie konfiguriere ich App-Benachrichtigungen auf FuriOS?,"App-Benachrichtigungen, Benachrichtigungseinstellungen, Benachrichtigungsbanner","Gehen Sie zu Einstellungen > Benachrichtigungen und wählen Sie eine App. Sie können konfigurieren: In Benachrichtigungsliste anzeigen, Sound, Banner anzeigen, Inhalt anzeigen und Sperrbildschirm-Einstellungen für jede App.",yes
318,de,Allgemein,Wie füge ich ein Google-Konto auf FuriOS hinzu?,"Google-Konto, Google hinzufügen, Gmail","Gehen Sie zu Einstellungen > Online-Konten und tippen Sie auf Google. Melden Sie sich mit Ihrem Browser an um E-Mail, Kalender, Kontakte und Dateien zu verbinden.",yes
319,de,Speicher & Wiederherstellung,Wie füge ich ein Nextcloud-Konto auf FuriOS hinzu?,"Nextcloud, Nextcloud hinzufügen, Cloud-Speicher","Gehen Sie zu Einstellungen > Online-Konten und tippen Sie auf Nextcloud. Geben Sie Ihre Serveradresse ein (z.B. example.com oder 192.168.0.82) um Kalender, Kontakte und Dateien zu verbinden.",yes
320,de,Allgemein,Wie füge ich ein Microsoft 365-Konto auf FuriOS hinzu?,"Microsoft 365, Office 365, Outlook","Gehen Sie zu Einstellungen > Online-Konten und tippen Sie auf Microsoft 365. Sie können sich mit Ihrem Organisationskonto für E-Mail, Kalender, Kontakte und Dateien verbinden.",yes
321,de,Speicher & Wiederherstellung,Wie füge ich ein IMAP-E-Mail-Konto auf FuriOS hinzu?,"IMAP, E-Mail-Konto, SMTP, E-Mail-Server","Gehen Sie zu Einstellungen > Online-Konten > E-Mail-Server (IMAP/SMTP). Geben Sie Ihren Namen, E-Mail, Passwort ein und konfigurieren Sie IMAP/SMTP-Servereinstellungen mit Verschlüsselungsoptionen.",yes
322,de,Allgemein,Welche Online-Konten kann ich auf FuriOS hinzufügen?,"Online-Konten, Cloud-Konten, Synchronisierungskonten","FuriOS unterstützt: Nextcloud, Google, Microsoft 365, Microsoft Exchange, E-Mail-Server (IMAP/SMTP), Kalender, Kontakte und Dateien (WebDAV) sowie Enterprise-Authentifizierung (Kerberos).",yes
323,de,Allgemein,Wie teile ich Medien mit anderen Geräten auf FuriOS?,"Media-Teilen, DLNA, Media streamen","Gehen Sie zu Einstellungen > Freigabe. Aktivieren Sie Media-Teilen um Musik, Fotos und Videos an Geräte in Ihrem aktuellen Netzwerk zu streamen.",yes
324,de,Allgemein,Wie ändere ich den Gerätenamen auf FuriOS?,"Gerätename, Hostname, Telefonname",Gehen Sie zu Einstellungen > Freigabe und bearbeiten Sie das Feld Gerätename um zu ändern wie Ihr Gerät im Netzwerk angezeigt wird.,yes
325,de,Einstellungen,Wie ändere ich die primäre Maustaste auf FuriOS?,"Maustaste, Linkshänder Maus, primäre Schaltfläche",Gehen Sie zu Einstellungen > Maus & Touchpad. Unter Primäre Schaltfläche wählen Sie Links oder Rechts um die Reihenfolge der physischen Tasten auf Mäusen und Touchpads einzustellen.,yes
326,de,Einstellungen,Wie füge ich eine Tastatur-Eingabequelle oder Sprache hinzu?,"Tastaturlayout, Eingabequelle, Sprach-Tastatur",Gehen Sie zu Einstellungen > Tastatur und tippen Sie auf + Eingabequelle hinzufügen unter Eingabequellen um ein neues Tastaturlayout oder Eingabemethode hinzuzufügen.,yes
327,de,Einstellungen,Wie wechsele ich Tastatur-Eingabequellen auf FuriOS?,"Tastatur wechseln, Sprache ändern, Eingabe-Wechsel",Verwenden Sie die Tastenkombination Super+Space um Eingabequellen zu wechseln. Sie können dies unter Einstellungen > Tastatur > Verknüpfungen anzeigen und anpassen ändern.,yes
328,de,Einstellungen,Wie konfiguriere ich die Compose-Taste auf FuriOS?,"Compose-Taste, Sonderzeichen, Akzente","Gehen Sie zu Einstellungen > Tastatur > Compose-Taste. Aktivieren Sie sie und wählen Sie eine Taste (Rechte Alt, Linke Super, Rechte Super, Menü-Taste, Strg, Caps Lock usw.). Verwenden Sie Compose-Sequenzen wie Compose+o+c für ©.",yes
329,de,Einstellungen,Wie zeige ich Tastaturkurzbefehle auf FuriOS an?,"Tastaturkurzbefehle, Hotkeys, Tastatur-Bindings","Gehen Sie zu Einstellungen > Tastatur > Verknüpfungen anzeigen und anpassen. Kategorien umfassen: Barrierefreiheit, Starter, Navigation, Screenshots, Sound und Media, System, Eingabe und Fenster.",yes
330,de,Einstellungen,Wie konfiguriere ich die Assistenten-Taste auf FuriOS?,"Assistenten-Taste, Hardware-Taste, Seitentaste","Gehen Sie zu Einstellungen > Assistenten Button. Konfigurieren Sie Aktionen für kurzes, langes und doppeltes Drücken. Optionen umfassen: Taschenlampe umschalten, Kamera öffnen, Bild machen, Screenshot machen, Tab/Zurück/Escape-Taste senden und manuelle Drehung.",yes
331,de,Allgemein,Welche Aktionen kann ich der Assistenten-Taste zuweisen?,"Assistenten-Tasten-Aktionen, Schaltflächenfunktionen","Die Assistenten-Taste unterstützt: Keine Aktion (Deaktivieren), Taschenlampe umschalten, Kamera öffnen, Bild machen, Screenshot machen, Tab-Taste senden, manuelle Drehung, Zurück-Taste senden und Escape-Taste senden.",yes
332,de,Android-Apps,Wie starte ich den Android-Container auf FuriOS?,"Android, Android starten, Android-Apps, Andromeda",Gehen Sie zu Einstellungen > Android und tippen Sie auf Android-Container starten. Sie können Autostart aktivieren um Android automatisch beim Booten zu starten.,yes
333,de,Android-Apps,Kann ich Android-Apps auf FuriOS ausführen?,"Android-Apps, Play Store, Android-Unterstützung",Ja! FuriOS führt Android-Apps über einen Container aus. Gehen Sie zu Einstellungen > Android um den Android-Container zu verwalten. Sie können Apps aus Aurora Store oder F-Droid installieren. Die Android-Version ist LineageOS 20.,yes
334,de,FuriOS / FuriPhone,Wie installiere ich Android-Apps auf FuriOS?,"Aurora Store, F-Droid, Android-App-Installation",Öffnen Sie Aurora Store oder F-Droid im Android-Container um Android-Apps zu durchsuchen und zu installieren. Nach der Installation erscheinen App-Symbole automatisch in Ihrer Phosh-App-Schublade neben nativen Linux-Apps - keine zusätzlichen Schritte erforderlich!,yes
335,de,Android-Apps,Wie teile ich Dateien zwischen Linux und Android auf FuriOS?,"Gemeinsamer Ordner, Android-Dateien, Linux-Android-Teilen",Gehen Sie zu Einstellungen > Android und aktivieren Sie Gemeinsamer Ordner um Dateifreigabe zwischen dem Linux-Host und Android-Gast zu aktivieren.,yes
336,de,Android-Apps,Wie aktiviere ich NFC für Android-Apps auf FuriOS?,"NFC Android, NFC-Zugriff",Gehen Sie zu Einstellungen > Android und aktivieren Sie NFC-Zugriff um Android-Apps NFC-Zugriff im Container zu ermöglichen.,yes
337,de,FuriOS / FuriPhone,Wie sehe ich welche Android-Apps auf FuriOS installiert sind?,"installierte Android-Apps, Android-App-Liste",Gehen Sie zu Einstellungen > Android und expandieren Sie Installierte Apps um alle im Container installierten Android-Apps zu sehen.,yes
339,de,Speicher & Wiederherstellung,Wie ändere ich den USB-Modus auf FuriOS?,"USB-Modus, MTP-Modus, Dateiübertragung","Gehen Sie zu Einstellungen > USB. Optionen umfassen: MTP (Dateiübertragung), RNDIS (Ethernet über USB) und CD-ROM-Modus. Sie können auch die USB-Stromrolle einstellen.",yes
340,de,Speicher & Wiederherstellung,Was ist RNDIS-Modus auf FuriOS?,"RNDIS, Ethernet über USB, USB-Tethering",RNDIS erstellt ein Ethernet-Netzwerk über USB zwischen Ihrem Telefon und Computer. Aktivieren Sie es unter Einstellungen > USB. Dies ermöglicht SSH-Zugriff und Netzwerkfreigabe über USB-Kabel.,yes
341,de,Speicher & Wiederherstellung,Was ist USB CD-ROM-Modus auf FuriOS?,"CD-ROM-Modus, USB-CDROM, virtuelles CDROM",CD-ROM-Modus macht Ihr Telefon als virtuelles CD-ROM-Laufwerk für den Computer erscheinen. Aktivieren Sie es unter Einstellungen > USB und wählen Sie eine CD-ROM-Image-Datei.,yes
342,de,Einstellungen,Wie konfiguriere ich GPS auf FuriOS?,"GPS, Standort, SUPL-Server",Gehen Sie zu Einstellungen > GPS. Sie können den SUPL-Server für GPS-Unterstützung konfigurieren. Die Standardeinstellung ist supl.google.com.,yes
343,de,Allgemein,Wie verschlüssele ich mein Gerät auf FuriOS?,"Verschlüsselung, Geräteverschlüsselung, LUKS",Gehen Sie zu Einstellungen > Verschlüsselung um Geräteverschlüsselung zu verwalten. Sie können Ihren Gerätespeicher für zusätzliche Sicherheit verschlüsseln.,yes
344,de,Allgemein,Wie füge ich einen Drucker auf FuriOS hinzu?,"Drucker, Drucken, Drucker hinzufügen",Gehen Sie zu Einstellungen > Drucker und tippen Sie auf Drucker hinzufügen... um einen neuen Drucker einzurichten.,yes
345,de,Allgemein,Wie aktiviere ich den Bildschirmleser auf FuriOS?,"Bildschirmleser, Orca, Barrierefreiheit, blind",Gehen Sie zu Einstellungen > Barrierefreiheit > Sehen und aktivieren Sie Bildschirmleser um Bildschirmelemente vorgelesen zu bekommen.,yes
346,de,Allgemein,Wie aktiviere ich Hochkontrast-Modus auf FuriOS?,"Hochkontrast, Sichtbarkeit, Barrierefreiheit",Gehen Sie zu Einstellungen > Barrierefreiheit > Sehen und aktivieren Sie Hochkontrast um Text und Fenster deutlicher sichtbar zu machen.,yes
347,de,Allgemein,Wie vergrößere ich den Text auf FuriOS?,"großer Text, größerer Text, Textgröße Barrierefreiheit",Gehen Sie zu Einstellungen > Barrierefreiheit > Sehen und aktivieren Sie Großer Text um die Größe von Text im gesamten System zu erhöhen.,yes
348,de,Einstellungen,Wie ändere ich die Cursor-Größe auf FuriOS?,"Cursor-Größe, Zeigergröße, Mauszeiger",Gehen Sie zu Einstellungen > Barrierefreiheit > Sehen und passen Sie Cursor-Größe an um den Mauszeiger leichter zu sehen.,yes
349,de,Einstellungen,Wie aktiviere ich visuelle Warnungen für Töne auf FuriOS?,"visuelle Warnungen, Flash-Warnungen, Gehörlosen-Barrierefreiheit",Gehen Sie zu Einstellungen > Barrierefreiheit > Hören und aktivieren Sie Visuelle Alarme um den Bildschirm zu blitzen wenn ein Warnton ertönt.,yes
350,de,Einstellungen,Wie aktiviere ich Sticky Keys auf FuriOS?,"Sticky Keys, Barrierefreiheit-Tastatur, einfingrige Eingabe",Gehen Sie zu Einstellungen > Barrierefreiheit > Tastatur benutzen und aktivieren Sie Zusatztasten einrasten um Modifiertasten-Sequenzen als Tastenkombinationen zu behandeln.,yes
351,de,Allgemein,Welche Barrierefreiheits-Optionen sind auf FuriOS verfügbar?,"Barrierefreiheit, A11Y-Optionen, spezielle Anforderungen","FuriOS bietet Barrierefreiheits-Optionen unter Einstellungen > Barrierefreiheit: Sehen (Bildschirmleser, Hochkontrast, Großer Text, Cursor-Größe), Hören (Überamplifizierung, visuelle Warnungen), Eingabe (Bildschirmtastatur, Taste wiederholen, Cursor blinkend, Sticky/Langsam/Sprungzahlen), und Zeigen & Klicken (Zeiger suchen, Klick-Unterstützung, Doppelklick-Verzögerung).",yes
352,de,Allgemein,Wie stelle ich einen Bildschirmsperre auf FuriOS ein?,"Bildschirm-Sperre, Passwort, PIN-Sperre, Muster","Gehen Sie zu Einstellungen > Datenschutz & Sicherheit > Bildschirm-Sperre. Wählen Sie Passwort (Buchstaben, Zahlen, Symbole) oder PIN (nur Zahlen) um Ihr Gerät zu sichern.",yes
353,de,Allgemein,Wie aktiviere ich Standortdienste auf FuriOS?,"Standort, GPS, Standortdienste",Gehen Sie zu Einstellungen > Datenschutz & Sicherheit > Ort und schalten Sie diese ein. Sie können auch kontrollieren welche Apps Zugriff auf Ihren Standort haben.,yes
354,de,Speicher & Wiederherstellung,Wie lösche ich Dateiverlauf auf FuriOS?,"Dateiverlauf, zuletzt verwendete Dateien, Datenschutz",Gehen Sie zu Einstellungen > Datenschutz & Sicherheit > Dateikronik und Papierkorb. Schalten Sie Dateiverlauf aus um das Tracking zu stoppen oder tippen Sie auf Verlauf löschen um den Dateiverlauf zu löschen.,yes
355,de,Hardware-Funktionen,Wie deaktiviere ich die Kamera auf FuriOS?,"Kamera deaktivieren, Kamera-Datenschutz, Kamera-Zugriff",Gehen Sie zu Einstellungen > Datenschutz & Sicherheit > Kamera und schalten Sie Kamera-Zugriff aus um alle Apps von der Kamerabenutzung zu verhindern.,yes
356,de,Allgemein,Wie ändere ich die Region oder Sprache auf FuriOS?,"Region, Sprache, Gebietsschema","Gehen Sie zu Einstellungen > System > Region & Sprache. Stellen Sie Ihre Sprache, Formate (Daten, Zeiten, Zahlen) ein und verwalten Sie Eingabequellen.",yes
357,de,Allgemein,Wie ändere ich das Datum und die Uhrzeit auf FuriOS?,"Datum, Uhrzeit, Zeitzone",Gehen Sie zu Einstellungen > System > Datum & Uhrzeit. Aktivieren Sie Automatisches Datum & Uhrzeit oder stellen Sie manuell ein. Sie können auch die Zeitzone ändern und 24-Stunden-Uhrzeit umschalten.,yes
358,de,FuriOS / FuriPhone,Wie aktiviere ich SSH auf FuriOS?,"SSH, Fernzugriff, Sichere Shell",Gehen Sie zu Einstellungen > System > Secure Shell und aktivieren Sie SSH. Falls die Option nicht verfügbar ist installieren Sie OpenSSH-Server indem Sie sudo apt install openssh-server im Terminal ausführen.,yes
359,de,FuriOS / FuriPhone,Wie verbinde ich mich mit meinem Gerät über SSH?,,"SSH-Verbindung, Remote-Terminal, SSH ins Telefon Aktivieren Sie zuerst SSH auf Ihrem Gerät. Dann entweder: 1) Verbindung über WLAN mit ssh user@phone-ip-adresse oder 2) Aktivieren Sie RNDIS unter Einstellungen > USB um USB-Tethering zu nutzen, dann SSH zur USB-Netzwerk-IP des Telefons (normalerweise 10.15.19.82). Der Standard-Benutzer ist furios.",yes
360,de,FuriOS / FuriPhone,Wie überprüfe ich welche Version von FuriOS ich habe?,"Version, FuriOS-Version, Software-Version, Info","Gehen Sie zu Einstellungen > System > Info um Ihre FuriOS-Version, Hardware-Info (MediaTek Dimensity 900, Mali-G68 MC4 GPU, 7,5 GiB RAM) und Gerätenamen zu sehen.",yes
361,de,FuriOS / FuriPhone,Wie überprüfe ich auf Software-Updates auf FuriOS?,"Software-Updates, Telefon aktualisieren, Systemupdates",Gehen Sie zu Einstellungen > System > Software-Updates oder öffnen Sie Upgrades aus der App-Schublade um auf Updates zu überprüfen und diese zu installieren.,yes
362,de,Allgemein,Wie füge ich einen Benutzer auf FuriOS hinzu?,"Benutzer hinzufügen, mehrere Benutzer, Benutzerkonto",Gehen Sie zu Einstellungen > System > Benutzer und tippen Sie auf Benutzer hinzufügen... um ein neues Benutzerkonto zu erstellen. Sie können auch Automatische Anmeldung von diesem Bildschirm aus aktivieren.,yes
363,de,Einstellungen,Was ist Mobile Settings auf FuriOS?,"Mobile Settings, Phosh-Einstellungen, Telefon-Einstellungen","Mobile Settings ist eine separate App von den Haupt-Einstellungen die Phosh-spezifische Funktionen wie Obere-Leisten-Anpassung, Konvergenz-Modus, Bildschirm-Tastatur-Layouts und experimentelle Funktionen steuert.",yes
364,de,Einstellungen,Wie passe ich die Quick Settings auf FuriOS an?,"Quick Settings, obere Leiste, Schalter anpassen","Öffnen Sie Mobile Settings > Obere Leiste. Umschalten welche Quick Settings angezeigt werden: andocketer/nicht andocketer Modus, dunkler Modus, Nachtlicht, Kamera, Mikrofon, WLAN, Wwan (Mobilfunk), Bluetooth, Drehsperre, Batterie, Ruhig/DND, Taschenlampe, VPN, Standort, Screenshots und mehr.",yes
365,de,Android-Apps,Wie passe ich die Favoriten in der App-Übersicht auf FuriOS an?,"Favoriten, Übersicht, Dock-Apps",Öffnen Sie Mobile Settings > Overview. Tippen Sie auf Favoriten um Apps hinzuzufügen/zu entfernen die in Ihrer unteren Favoritenliste angezeigt werden.,yes
366,de,FuriOS / FuriPhone,Wie verwende ich haptisches Feedback auf FuriOS?,"haptisch, Vibrationsfeedback, Feedback-Profile","Öffnen Sie Mobile Settings > Feedback. Wählen Sie aus Vollständig, Lautlos oder Ruhig Profile. Vollständig aktiviert haptisches Feedback für Tastatur-Eingabe und andere Aktionen.",yes
367,de,Einstellungen,Wie ändere ich die Skalierung der Benutzeroberfläche auf FuriOS?,"Skalierung, Benutzeroberflächenskalierung, Bildschirm-Skalierung, Compositor",Öffnen Sie Mobile Settings > Kompositor. Passen Sie den Skalierungsregler an um die gesamte Skalierung der Benutzeroberfläche zu ändern.,yes
368,de,Allgemein,Wie füge ich Widgets zum Sperrbildschirm auf FuriOS hinzu?,"Sperrbildschirm-Widgets, Sperrbildschirm anpassen","Öffnen Sie Mobile Settings > Sperrbildschirm. Tippen Sie auf Sperrbildschirm-Widgets um Widgets für Uhren, Wetter oder andere Informationen hinzuzufügen die auf Ihrem Sperrbildschirm angezeigt werden.",yes
369,de,Allgemein,Wie aktiviere ich Konvergenz-Modus auf FuriOS?,"Konvergenz, Desktop-Modus, Dock-Modus, Hub",Öffnen Sie Mobile Settings > Konvergenz. Aktivieren Sie Andocketer Modus aktivieren um Desktop-Modus zu verwenden wenn es mit dem Konvergenz-Hub (HUB1) oder externem Display verbunden ist.,yes
370,de,Einstellungen,Wie ändere ich das Tastatur-Layout des Bildschirm-Keyboards auf FuriOS?,"OSK, Tastaturlayout, Squeekboard","Öffnen Sie Mobile Settings > Bildschirmtastatur. Wählen Sie aus verfügbaren Layouts wie US, Terminal, Deutsch, Französisch, Spanisch und andere.",yes
371,de,Einstellungen,Wie öffne ich oder schließe ich die Bildschirm-Tastatur manuell auf FuriOS?,"OSK-Umschalter, Tastatur anzeigen, Tastatur verbergen",Halten Sie die weiße Leiste am unteren Rand des Bildschirms gedrückt bis die Tastatur auf- oder zuklappt.,yes
372,de,Allgemein,Wie aktiviere ich Notwarnungen auf FuriOS?,"Notwarnungen, AMBER-Warnungen, drahtlose Warnungen","Öffnen Sie Mobile Settings > Notwarnungen um drahtlose Notwarnungen wie AMBER-Warnungen, extreme Bedrohungen und schwere Bedrohungen zu konfigurieren.",yes
373,de,Allgemein,Wie zeige ich Sensordaten auf FuriOS an?,"Sensoren, Beschleunigungsmesser, Gyroskop","Öffnen Sie Mobile Settings > Sensoren um Echtzeitdaten von Ihrem Geräts-Sensoren einschließlich Beschleunigungsmesser, Gyroskop, Näherungssensor und mehr zu sehen.",yes
374,de,Einstellungen,Welche experimentellen Funktionen sind auf FuriOS verfügbar?,"experimentell, Beta-Funktionen, experimentelle Einstellungen",Öffnen Sie Mobile Settings > Experimentell um auf Beta-Funktionen zuzugreifen die sich ändern können oder in zukünftigen Updates entfernt werden können.,yes
375,de,Einstellungen,Was ist Batman auf FuriOS?,"Batman, Batterie-Manager, Energiesparen","Batman ist der fortgeschrittene Batterie-Manager für FuriOS. Es steuert Energie-Sparfunktionen einschließlich CPU-Governoren, Offline-Kerne, Speicher-Autosuspend, WLAN/Bluetooth-Powersave und USB-Autosuspend um Batterielebensdauer zu verlängern.",yes
376,de,Einstellungen,Wie aktiviere ich CPU-Energiesparen auf FuriOS?,"CPU-Governor, Energiesparen, Batterielebensdauer","Öffnen Sie die Batman-App und aktivieren Sie Offline (schaltet einige CPU-Kerne aus wenn Leerlauf), Governor Powersave (benutzt Powersave-Governor auf allen CPUs) oder GPU Powersave um Stromverbrauch zu reduzieren.",yes
377,de,Android-Apps,Wie führe ich Telefonanrufe auf FuriOS durch?,"Telefonanrufe, Wähltasten-App, Anruf-App",Öffnen Sie die Anrufe-App. Verwenden Sie das Wählpad um Nummern einzugeben oder tippen Sie auf Kontakte um einen gespeicherten Kontakt anzurufen. Die App zeigt auch Anrufverlauf.,yes
378,de,Netzwerk & Konnektivität,Wie füge ich ein VoIP/SIP-Konto auf FuriOS hinzu?,"VoIP, SIP-Konto, Internet-Anrufe","Öffnen Sie die Calls-App, gehen Sie zu Menü > Einstellungen > VoIP-Konten und tippen Sie auf Konto hinzufügen. Geben Sie Ihren SIP-Server, Benutzer, Passwort, Port, Protokoll (UDP/TCP/TLS) und Transport ein.",yes
379,de,Allgemein,Wie sende ich SMS-Nachrichten auf FuriOS?,"SMS, Textnachrichten, Nachrichten",Öffnen Sie die Anrufe-App um SMS/MMS-Nachrichten zu senden und zu empfangen. Tippen Sie auf die + Schaltfläche um eine neue Konversation zu starten.,yes
380,de,Allgemein,Wie stelle ich einen Alarm auf FuriOS ein?,"Wecker, aufwachen, Wecker","Öffnen Sie die Uhren-App und gehen Sie zum Reiter Wecker. Tippen Sie auf + Neu um einen neuen Wecker zu erstellen. Stellen Sie die Zeit, Wiederholung-Tage und Wecker-Name ein.",yes
381,de,Allgemein,Wie stelle ich einen Timer auf FuriOS ein?,"Timer, Countdown, Küche-Timer","Öffnen Sie die Uhren-App und gehen Sie zum Reiter Timer. Stellen Sie Stunden, Minuten, Sekunden ein und tippen Sie auf Start.",yes
382,de,Allgemein,Wie verwende ich die Stoppuhr auf FuriOS?,"Stoppuhr, Runden-Timer","Öffnen Sie die Uhren-App und gehen Sie zum Reiter Stoppuhr. Tippen Sie auf Start um das Timing zu starten, Runde um Rundenzeiten zu erfassen und Stop um zu stoppen.",yes
383,de,Allgemein,Wie füge ich eine Weltuhr auf FuriOS hinzu?,"Weltuhr, Zeitzonen, internationale Zeit",Öffnen Sie die Uhren-App und gehen Sie zum Reiter Welt. Tippen Sie auf + Neu um eine Stadt hinzuzufügen und seine lokale Zeit zu sehen.,yes
384,de,Allgemein,Wie überprüfe ich das Wetter auf FuriOS?,"Wetter, Vorhersage, Temperatur",Öffnen Sie die Wetter-App um aktuelle Bedingungen und Vorhersage zu sehen. Fügen Sie Orte mit der Suchfunktion hinzu.,yes
385,de,FuriOS / FuriPhone,Wie überprüfe ich CPU- und Speicher-Nutzung auf FuriOS?,"CPU-Nutzung, Speicher-Nutzung, Systemmonitor","Öffnen Sie die Usage-App. Sehen Sie sich Reiter für Leistung (CPU, Speicher-Grafiken), Speicher (Festplatten-Nutzung) und Leistung (Batterie und Energieinfo) an.",yes
386,de,Speicher & Wiederherstellung,Wie überprüfe ich Speicherplatz auf FuriOS?,"Speicher, Festplatten-Speicher, freier Speicher","Öffnen Sie die Auslastung-App und gehen Sie zum Reiter Speicher um Gesamtkapazität, genutzten Speicher und verfügbaren Speicher zu sehen.",yes
387,de,Allgemein,Was ist der Konvergenz-Hub (HUB1)?,"Konvergenz-Hub, HUB1, Dock, Desktop-Modus","Der Konvergenz-Hub (HUB1) (70 USD) ermöglicht Linux Desktop Konvergenz. Anschlüsse: 1x Volles HDMI, 1x Mini HDMI, 1x USB-A (3.2), 2x USB-C (3.2), 1x USB-C PD 100W (3.0), 1x RJ-45 1Gbps Ethernet, 1x 3,5mm Kopfhörer/Mikrofon-Buchse. Benötigt die External Displays-App. Weitere Infos unter furilabs.com/shop/hub1/",yes
388,de,Allgemein,Wie richte ich den Konvergenz-Hub ein?,"Hub-Setup, Konvergenz-Setup, HUB1-Setup",Verbinden Sie Strom mit dem USB-C PD 100W-Port (erforderlich). Verbinden Sie Ihr Gerät mit einem beliebigen USB-C (3.2)-Port. Verbinden Sie ein externes Display über einen der HDMI oder Mini HDMI-Anschlüsse. Öffnen Sie die External Displays-App um Ihr Display zu konfigurieren. Der Hub lädt Ihr Telefon während Desktop-Modus!,yes
389,de,Einstellungen,Kann ich andere USB-C-Hubs mit FuriOS verwenden?,"USB-C Hub von Drittanbietern, DisplayLink, anderes Dock, USB-C Hub",Andere USB-C-Hubs mit DisplayLink-Chips funktionieren möglicherweise oder auch nicht. FuriLabs konzentriert sich auf den HUB1 um ein perfektes Konvergenz-Erlebnis zu gewährleisten. Um sichergestellt Kompatibilität zu haben empfehlen wir den offiziellen Konvergenz-Hub (HUB1) zu verwenden.,yes
390,de,Hardware-Funktionen,Wie greife ich auf USB-Laufwerke auf dem Konvergenz-Hub zu?,"USB-Laufwerk, USB-Speicher, Flash-Laufwerk, Hub-Speicher",Stecken Sie USB-Speicher in die Hub-USB-A oder USB-C-Anschlüsse ein. Das Laufwerk wird automatisch in der Portfolio-Dateimanager-App angezeigt - keine manuelle Montage erforderlich!,yes
391,de,Einstellungen,Wie verwende ich FuriOS mit einem externen Display?,"externes Display, Monitor, HDMI, USB-C-Display",Verbinden Sie Ihr Gerät mit einem externen Display über den Konvergenz-Hub (HUB1). Öffnen Sie die External Displays-App um Ihr Display zu konfigurieren oder verwenden Sie Mobile Settings > Konvergenz um andocketer Modus zu aktivieren.,yes
392,de,Einstellungen,Wie konfiguriere ich externe Displays auf FuriOS?,"externe Display-Einstellungen, Monitor-Einstellungen, Display-Anordnung","Öffnen Sie die External Displays-App um Auflösung, Bildwiederholfrequenz, Ausrichtung und Display-Anordnung für verbundene Monitore zu konfigurieren.",yes
393,de,Hardware-Funktionen,Wie mache ich ein Foto auf FuriOS?,"Kamera, Foto machen, Bild",Öffnen Sie die Camera-App. Tippen Sie auf die Auslöser-Schaltfläche um ein Foto zu machen. Wechseln Sie zwischen Vorder- und Rückkameras mit der Kamera-Umschalter-Schaltfläche.,yes
394,de,Hardware-Funktionen,Wie nehme ich ein Video auf FuriOS auf?,"Video, Video aufnehmen, Video-Kamera",Öffnen Sie die Camera-App und wechseln Sie in den Video-Modus. Tippen Sie auf die Aufnahme-Schaltfläche um mit der Aufnahme zu beginnen.,yes
395,de,Allgemein,Wie zeige ich meine Fotos auf FuriOS an?,"Galerie, Fotos, Bilder, Fotos anzeigen",Öffnen Sie die Gallery-App (oder Image Viewer) um Ihre Fotos und Videos zu durchsuchen und anzuzeigen.,yes
396,de,FuriOS / FuriPhone,Wie installiere ich Apps auf FuriOS?,"Apps installieren, App Store, Software",Öffnen Sie die Software-App (GNOME Software) um Linux-Apps zu durchsuchen und zu installieren. Die Software-App verwaltet alle Berechtigungen automatisch - klicken Sie einfach auf Installieren und geben Sie Ihr Passwort ein wenn aufgefordert. Für Android-Apps verwenden Sie Aurora Store oder F-Droid im Android-Container.,yes
397,de,FuriOS / FuriPhone,Wie installiere ich Pakete vom Terminal auf FuriOS?,"apt, apt-get, Terminal-Installation, Kommandozeilen-Installation",Verwenden Sie sudo apt install package-name um Pakete von der Befehlszeile zu installieren. Zum Beispiel: sudo apt install htop. Der sudo-Befehl gewährt Administratorrechte und fordert Ihr Passwort an. Verwenden Sie sudo apt update zuerst um die Paketliste zu aktualisieren.,yes
398,de,FuriOS / FuriPhone,Was ist sudo auf FuriOS?,"sudo, Root, Administrator, Superuser","sudo (superuser do) ermöglicht es Ihnen Befehle mit Administratorrechten auszuführen. Präfix einen beliebigen Befehl mit sudo um ihn als Root auszuführen, z.B. sudo apt update. Sie werden aufgefordert Ihr Benutzerpasswort einzugeben. Die Software-App verwendet sudo automatisch im Hintergrund.",yes
399,de,Speicher & Wiederherstellung,Wie verwalte ich Dateien auf FuriOS?,"Dateimanager, Dateien, Ordner, Dateien durchsuchen","Öffnen Sie Dateien (Nautilus) oder Portfolio um Dateien auf Ihrem Gerät zu durchsuchen, zu kopieren, zu verschieben und zu verwalten.",yes
400,de,Allgemein,Wie verwende ich den Rechner auf FuriOS?,"Rechner, Mathematik, berechnen",Öffnen Sie die Taschenrechner-App für grundlegende und wissenschaftliche Berechnungen.,yes
401,de,Allgemein,Wie verwende ich den Kalender auf FuriOS?,"Kalender, Ereignisse, Zeitplan",Öffnen Sie die Kalender-App um Ihren Zeitplan anzuzeigen und zu verwalten. Fügen Sie Ereignisse hinzu indem Sie ein Datum tippen und Ereignisdetails eingeben.,yes
402,de,Allgemein,Was ist Phosh auf FuriOS?,"Phosh, Telefon-Shell, Mobile-Shell","Phosh (Phone Shell) ist die Open-Source-Grafik-Shell die FuriOS's Mobiloberfläche antreibt. Entwickelt unter phosh.org bietet es den Startbildschirm, App-Schublade, Benachrichtigungen und Quick Settings. Es ist auf GTK und Wayland aufgebaut.",yes
403,de,Allgemein,Was sind die FLX1s Hardware-Spezifikationen?,"Spezifikationen, Spezifikationen, Hardware, FLX1s","Der FLX1s ist ein Flaggschiff-Linux-Telefon mit MediaTek Dimensity 900-Prozessor, 8GB RAM, 128GB Speicher, 6,7\\"" 90Hz Display Triple-Kameras 5G und Hardware-Datenschutzschalter. Weitere Infos unter furilabs.com/shop/flx1s/""",yes
404,de,Allgemein,Welchen CPU hat der FLX1s?,"CPU, Prozessor, Chip, SOC, Chipset",Der FLX1s verwendet den MediaTek Dimensity 900 SoC mit 2x Cortex-A78-Kernen bei 2 4GHz und 6x Cortex-A55-Kernen bei 2GHz. Es ist ein leistungsstarker 6nm Octa-Core-Prozessor.,yes
405,de,Allgemein,Welchen GPU hat der FLX1s?,"GPU, Grafik, Mali, Gaming",Der FLX1s hat eine Mali-G68 MC4 GPU für Grafikverarbeitung.,yes
406,de,Allgemein,Wieviel RAM hat der FLX1s?,"RAM, Speicher, wie viel RAM",Der FLX1s hat 8GB LPDDR4X RAM.,yes
407,de,Speicher & Wiederherstellung,Wieviel Speicher hat der FLX1s?,"Speicher, interner Speicher, wie viel Speicher, GB",Der FLX1s hat 128GB UFS internen Speicher. Sie können den Speicher auch mit einer MicroSD-Karte um bis zu 1TB erweitern.,yes
408,de,Hardware-Funktionen,Welche Kameras hat der FLX1s?,"Kamera, Kameras, Megapixel, Fotqualität","Der FLX1s hat drei Kameras: 20MP Rückkamera (f/1.8), 13MP Frontkamera (f/2.0) und eine 2MP Makrokamera (f/2.4).",yes
409,de,Allgemein,Was ist die FLX1s-Batteriekapazität?,"Batterie, Batterielebebsdauer, mAh, Laden",Der FLX1s hat eine 5000mAh Li-Po-Batterie mit kabelgebundenem USB-C-Laden.,yes
410,de,Netzwerk & Konnektivität,Welche Mobilfunkbänder unterstützt der FLX1s?,"Bänder, LTE, 5G, Mobilfunk, Netzwerkbänder","Der FLX1s unterstützt: 5G NR (n1/n2/n3/n5/n7/n8/n12/n20/n25/n28/n38/n40/n41/n48/n66/n71/n77/n78/n79), LTE-FDD (B1-B8/B12/B13/B17-B20/B25/B26/B28-B30/B32/B66/B71), LTE-TDD (B34/B38-B43/B46/B48), 3G (1/2/5/8/19), 2G GSM (850/900/1800/1900).",yes
411,de,Netzwerk & Konnektivität,Unterstützt der FLX1s 5G?,"5G, 5G-Unterstützung, 5G-Netzwerk","Ja! Der FLX1s unterstützt 5G und 5G ENDC. Es deckt viele 5G NR-Bänder einschließlich n1, n2, n3, n5, n7, n8, n12, n20, n25, n28, n38, n40, n41, n48, n66, n71, n77, n78 und n79 ab.",yes
412,de,Netzwerk & Konnektivität,Hat der FLX1s Dual-SIM?,"Dual-SIM, SIM-Steckplätze, zwei SIMs, SIM-Karte, eSIM",Der FLX1s hat 2 SIM-Steckplätze aber derzeit ist nur SIM1 aufgrund mangelnder App-Unterstützung aktiviert. Die SD-Karte geht in SIM2. Obwohl eingebautes eSIM nicht verfügbar ist können Sie eSIM-Adapter wie jmp.chat in SIM1 verwenden.,yes
413,de,Netzwerk & Konnektivität,Welches WiFi und Bluetooth unterstützt der FLX1s?,"WiFi, Bluetooth, drahtlos",Der FLX1s unterstützt WiFi 6.0 (802.11 a/b/g/n/ac/ax) und Bluetooth 5.2 mit A2DP und LE.,yes
414,de,Speicher & Wiederherstellung,Hat der FLX1s einen MicroSD-Steckplatz?,"MicroSD, SD-Karte, erweiterbarer Speicher","Ja, der FLX1s hat einen MicroSD-Steckplatz der Karten bis zu 1TB unterstützt.",yes
415,de,Allgemein,Was sind die FLX1s-Abmessungen und das Gewicht?,"Abmessungen, Gewicht, Größe, wie groß",Der FLX1s misst 170mm x 76mm x 8mm und wiegt 201g. Box-Abmessungen: 180mm x 90mm x 28mm (Gesamtversandgewicht: 321g).,yes
416,de,Einstellungen,Welchen Bildschirm hat der FLX1s?,"Bildschirm, Display, Auflösung, Bildwiederholfrequenz","Der FLX1s hat ein 6,7\"" HD+-Display (1600x720) mit 90Hz Bildwiederholfrequenz und Asahi Dragontrail-Glas für Haltbarkeit.",yes
417,de,Allgemein,Welche Hardware-Schalter hat der FLX1s?,"Hardware-Schalter, Kill-Schalter, Datenschutz-Schalter","Der FLX1s hat 3 Hardware-Schalter auf der rechten Seite. Von unten nach oben: Mikrofon, Modem/GPS und Kamera. UNTEN = AUS (Freigegeben/Getrennt), OBEN = AN (Engagiert/Verbunden). Diese trennen die Komponenten physisch ab um Datenschutz.",yes
418,de,Android-Apps,Was passiert wenn ich einen Hardware-Schalter umschalte während eine App ihn benutzt?,"Schalter-Umschaltung, Kill-Schalter-Problem, Hardware-Schalter-Problem",Das Umschalten eines Hardware-Schalters während eine App das Feature aktiv benutzt kann zu unerwartetem Verhalten oder App-Crashs führen. Das Betriebssystem verliert die Verbindung zur Hardware. Normalerweise behebt das Schließen und Erneut-Öffnen der App dies. In seltenen Fällen kann ein Neustart erforderlich sein.,yes
419,de,Allgemein,Woraus ist der FLX1s gemacht?,"Materialien, Verarbeitungsqualität, Konstruktion","Der FLX1s hat eine Glasrückseite, Polycarbonat-Mittelrahmen und Metalltasten. Es hat Lebenswasserproofing (spritzwasserfest, nicht tauchbar).",yes
420,de,Allgemein,Ist der FLX1s wasserdicht?,"wasserdicht, wasserbeständig, spritzwasserfest",Der FLX1s hat Lebenswasserproofing - er ist spritzwasserbeständig sollte aber nicht ins Wasser getaucht werden.,yes
421,de,Allgemein,Gibt es ein Gehäuse für den FLX1s?,"Telefongehäuse, Schutzgehäuse, Gummigehäuse, Hülle","Ja! FuriLabs bietet ein benutzerdefiniertes Gummigehäuse für den FLX1s mit dem FuriLabs-Logo auf der Rückseite. Es hat präzise Ausschnitte für alle Tasten, Hardware-Schalter, Mikrofone und Lautsprecher. Verfügbar unter furilabs.com/phone-case-flx1s/",yes
422,de,Shopping,Kann ich Telefone im Großen Maßstab für mein Geschäft bestellen?,"Großbestellung, Unternehmen, Geschäft, MDM, Flotte","Ja! VoidPhone.com bietet Große Bestellungen mit Enterprise-Funktionen: benutzerdefinierte Logos, MDM (Mobile Device Management), dedizierter Software-Store, App-Versions-Testing mit Branchy, GPS-Telefon-Standort, Remote Wipe und mehr. Besuchen Sie VoidPhone.com für Details.",yes
423,de,Allgemein,Was ist VoidPhone?,"VoidPhone, Unternehmens-Telefone, Geschäfts-Telefone","VoidPhone.com bietet Linux-Telefonlösungen für Unternehmen einschließlich Großbestellungen mit benutzerdefiniertem Branding, MDM (Mobile Device Management), dedizierte App-Stores, Branchy-App-Testing, GPS-Tracking und Remote-Wipe-Fähigkeiten.",yes
424,de,Shopping,Muss ich Mehrwertsteuer oder Zölle auf meine Bestellung zahlen?,"Mehrwertsteuer, Zölle, GST, Einfuhrsteuer, Gebühren","Mehrwertsteuer, GST und Zollgebühren sind die Verantwortung des Kunden und sind nicht im Bestellpreis enthalten. Gebühren variieren nach Land - einige Länder wie Deutschland und andere EU-Länder können erhebliche Importkosten haben. Wir kontrollieren nicht was Ihr Land für Auslandsbestellungen berechnet.",yes
425,de,Shopping,Wie viel kostet der Versand?,"Versandkosten, Lieferkosten, Versandpreis",Wir bieten eine weltweite Pauschalgebühr von 27 USD pro 500g an. Die genaue Lieferkosten werden automatisch berechnet wenn Sie Ihre Bestellung aufgeben. Stellen Sie sicher dass Sie Ihre Telefonnummer in den Versanddetails angeben damit Kuriere Sie kontaktieren können. Verifizieren Sie Ihre Adresse mit Google Maps um Versandprobleme zu vermeiden - Postleitzahl und Ort müssen übereinstimmen.,yes
426,de,Versand,Wie lange dauert der Versand?,"Versandzeit, Lieferzeit, wie lange, wenn erhalten",Geschätzter Lieferungszeit: 9 Werktage (90% der Bestellungen) bis 15 Werktage (98% der Bestellungen). Wir wählen den besten Versandanbieter für jedes Land aus.,yes
427,de,Shopping,Wie verfolgde ich meine Bestellung?,"Bestellverfolgung, Lieferungen verfolgen, wo ist meine Bestellung",Sobald Ihre Bestellung versandt wird wird Ihr Konto mit Verfolgungsinformationen aktualisiert. Sie können die Route des Versands überwachen und wissen wann Sie mit der Lieferung rechnen können.,yes
428,de,Versand,In welche Länder versenden Sie?,"Versandländer, internationaler Versand, wo versenden",Wir versenden weltweit außer in den Iran und Nordkorea. Versandkosten und Lieferzeiten werden bei der Kasse basierend auf Ihrer Position berechnet.,yes
429,de,Netzwerk & Konnektivität,Funktioniert der FLX1 / FLX1s mit US-Betreibern?,"USA-Betreiber, Verizon, AT&T, T-Mobile, amerikanische Betreiber",T-Mobile und T-Mobile MVNOs (wie Ting) funktionieren gut. Verizon funktioniert NICHT - sie erlauben nur whitelisted Telefone. AT&T hat Registrierungs- und Datenprobleme. T-Mobile funktioniert großartig an der Ostküste.,yes
430,de,Netzwerk & Konnektivität,Welche Betreiber funktionieren mit dem FLX1 / FLX1s?,"Betreiber, Mobilfunknetzwerk, SIM-Karte, welcher Betreiber","Bestätigte funktionierende Betreiber: USA: T-Mobile, Ting. Kanada: Rogers, Fido, Freedom Mobile. Australien: Telstra und MVNOs. Großbritannien: Three (SMARTY), Lebara. Deutschland: Vodafone, Telekom, Congstar, AldiTalk, Blau.de. Siehe vollständige Liste unter furilabs.com/forum/flx1/confirmed-carriers/",yes
431,de,Netzwerk & Konnektivität,Welche Betreiber funktionieren in Europa mit dem FLX1 / FLX1s?,"Europäische Betreiber, EU-Betreiber, europäische Netzwerke","Deutschland: Vodafone, Telekom, Congstar, AldiTalk, Blau.de (O2). Großbritannien: Three (SMARTY), Lebara. Frankreich: Orange. Rumänien: Vodafone, Orange. Finnland: DNA, Telia, Elisa. Österreich: A1, Magenta, Drei. Tschechien: o2. Italien: TIM, Wind Tre, Iliad.",yes
432,de,Netzwerk & Konnektivität,Welche Betreiber funktionieren in Lateinamerika mit dem FLX1 / FLX1s?,"Lateinamerika, Mittelamerika, Südamerika, Mexiko-Betreiber","Kolumbien: Claro. Costa Rica: Kölbi, Claro (besuchen Sie einen physischen Laden um SIM zu registrieren). El Salvador: Tigo. Panama: Tigo.",yes
433,de,Netzwerk & Konnektivität,Welche Betreiber funktionieren in Asien mit dem FLX1 / FLX1s?,"Asiatische Betreiber, Indien, Taiwan",Taiwan: FarEasTone. Indien: ViAirtel.,yes
434,de,Einstellungen,Was sind die Three UK MMS-Einstellungen für FLX1 / FLX1s?,"Three-MMS, UK-MMS, MMS-Einstellungen",Three UK MMS-Einstellungen: APN: mob.asm.net | MMSC: http://mms.um.three.co.uk:10021/mmsc | Message Proxy: mms.three.co.uk:8799 | Benutzername und Passwort: leer lassen.,yes
435,de,Allgemein,Warum funktioniert mein FLX1 / FLX1s nicht bei Verizon?,"Verizon funktioniert nicht, Verizon-Problem, Verizon-IMEI",Verizon erlaubt nur whitelisted Telefone in ihrem Netzwerk. Der FLX1/FLX1s ist nicht in ihrer Whitelist und funktioniert nicht. Wir empfehlen T-Mobile oder einen T-Mobile MVNO in den USA zu nutzen.,yes
436,de,FuriOS / FuriPhone,Welches Betriebssystem führen Furi Labs Telefone aus?,"Betriebssystem, Betriebssystem, Linux, FuriOS","Unsere Telefone führen FuriOS aus, ein Debian-basiertes Linux-Mobilbetriebssystem. Es benutzt die Phosh-Grafik-Shell und unterstützt sowohl native Linux-Apps als auch Android-Apps über einen Container mit LineageOS 20.",yes
437,de,Android-Apps,Warum sagt Aurora Store Apps sind nicht verfügbar?,"Aurora Store nicht verfügbar, Aurora funktioniert nicht, Aurora Store down, Apps nicht downloadbar","Aurora Store benötigt eine aktive WLAN oder Mobilfunk-Datenverbindung. Es ist ein externer Store den FuriLabs nicht verwaltet. Obwohl es meistens funktioniert kann es gelegentlich Probleme außerhalb unserer Kontrolle geben. Falls Apps als ""Nicht verfügbar"" angezeigt werden benötigen sie möglicherweise Google Play Services oder sind gerätebeschränkt.",yes
439,de,Speicher & Wiederherstellung,Warum kann ich nicht alle Ordner sehen wenn ich mit MTP verbunden bin?,"MTP-Ordner fehlend, MTP zeigt nicht, USB-Dateizugriff, Downloads nicht sichtbar","MTP-Modus kann nicht alle Unterverzeichnisse auf einigen Systemen offenlegen. Für vollständigen Dateizugriff verwenden Sie SSH/SFTP stattdessen. Installieren Sie openssh-server mit sudo apt install openssh-server, dann verbinden Sie vom Ihrem Computer mit einem SFTP-Client wie FileZilla oder Nautilus (sftp://furios@phone-ip).",yes
440,de,Speicher & Wiederherstellung,Warum lädt mein Telefon nicht mit meinem USB-C-Kabel?,"lädt nicht, USB-Kabel-Laden, Lade-Problem, Kabel funktioniert nicht",Einige USB-C-Kabel sind nur für Daten oder haben begrenzte Stromlieferungs-Fähigkeit. Das mit Ihrem FLX1/FLX1s mitgelieferte Kabel ist für korrektes Laden verifiziert. Falls Ihr Telefon nicht mit einem Dritt-Hersteller-Kabel lädt versuchen Sie das Original-Kabel oder ein bekanntes USB-C Power Delivery-kompatibles Kabel.,yes
441,de,Community & Links,Wie überprüfe ich meine Versandadresse vor der Bestellung?,"Adresse überprüfen, Adresse prüfen, Versandadresse, Google Maps, Postleitzahl",Überprüfen Sie Ihre Versandadresse vor der Bestellung mit Google Maps um Versandprobleme zu vermeiden. Stellen Sie sicher dass Ihre Postleitzahl und Stadt übereinstimmen. Geben Sie Ihre Telefonnummer ein damit Kuriere Sie kontaktieren können.,yes
442,de,Hardware-Funktionen,Warum geht die Zahlung nicht durch?,"Zahlung funktioniert nicht, kann nicht zahlen, Kasse-Problem, Zahlung fehlgeschlagen",Falls Sie Probleme mit der Zahlung haben: 1) Deaktivieren Sie alle Ad Blocker und Datenschutz-Erweiterungen. 2) Verwenden Sie die neueste Version von Firefox oder Chrome. 3) Versuchen Sie als letztes Mittel den privaten/Incognito-Browsing-Modus.,yes
443,de,Allgemein,Warum kann ich mich nicht in mein Konto anmelden?,"kann nicht anmelden, Anmelde-Problem, Konto-Anmeldung, Passwort funktioniert nicht",Falls Sie ein Konto erstellt haben aber sich nicht anmelden können überprüfen Sie bitte Ihre E-Mail auf einen Bestätigungs-Link. Sie müssen Ihre E-Mail-Adresse validieren bevor Sie sich anmelden können. Überprüfen Sie Ihren Spam/Junk-Ordner falls Sie die E-Mail in Ihrem Postfach nicht sehen.,yes
444,de,Shopping,Kann ich als Gast auschecken ohne ein Konto zu erstellen?,"Gast-Checkout, kein Konto, kaufen ohne Konto, Gast-Kauf",Wir bieten keinen Gast-Checkout an. Ein Konto ist erforderlich damit wir Ihnen Support und Garantieservice für Ihren Kauf bieten können.,yes
445,de,Android-Apps,Kann ich mit Bitcoin oder anderen alternativen Zahlungsmethoden zahlen?,"Bitcoin, Krypto, Kryptowährung, Ethereum, Dogecoin, Venmo, CashApp, alternative Zahlung","Wir unterstützen keine alternativen Zahlungsmethoden wie Bitcoin, Kryptowährung, Venmo, Cash App oder ähnliche Services. Wir akzeptieren Standard-Kredit-/Debit-Kartenzahlungen durch unsere Kasse.",yes
446,de,Allgemein,Wo kann ich die FuriLabs-Webseite besuchen?,"Webseite, Homepage, Haupt-Website, FuriLabs-Seite, Startseite, Homepage-Link, FuriLabs-Seite, FuriLabs-Link",Besuchen Sie unsere Haupt-Webseite unter https://furilabs.com/,yes
447,de,Allgemein,Wo kann ich FuriLabs-Bewertungen lesen?,"Bewertungen, Kundenbewertungen, Bewertungen, Feedback",Sehen Sie sich Kundenbewertungen und Bewertungen unter https://furilabs.com/reviews/ an,yes
448,de,Shopping,Wo ist der FuriLabs-Shop?,"Shop, Geschäft, kaufen, Kauf, Bestellung, Shop-Seite, Shop-Link, Geschäfts-Seite",Durchsuchen Sie unsere Produkte im Shop unter https://furilabs.com/shop/,yes
449,de,Shopping,Wo kann ich den FLX1s kaufen?,"FLX1s kaufen, FLX1s erwerben, FLX1s bestellen, FLX1s-Telefon, FLX1s-Seite, FLX1s-Link, FLX1s-Produktseite",Erwerben Sie den FLX1s unter https://furilabs.com/shop/flx1s/,yes
450,de,FuriOS / FuriPhone,Wo kann ich das FLX1s-Paket kaufen?,"FLX1s-Paket, Paket-Angebot, Paket-Angebot",Erhalten Sie das FLX1s-Paket mit Zubehör unter https://furilabs.com/shop/flx1s-bundle/,yes
451,de,Shopping,Wo kann ich eine Telefon-Schutzhülle kaufen?,"Telefon-Schutzhülle, Schutzhülle, Schutzschutzhülle, FLX1s-Schutzhülle",Durchsuchen Sie Telefon-Schutzhüllen unter https://furilabs.com/phone-case-flx1s/ und https://furilabs.com/shockproof-phone-case-transparent/,yes
452,de,Shopping,Wo kann ich einen Bildschirmschutz kaufen?,"Bildschirmschutz, Displayschutz, gehärtetes Glas",Erwerben Sie Bildschirmschutz unter https://furilabs.com/screen-protector-flx1s/ und https://furilabs.com/screen-protector/,yes
453,de,FuriOS / FuriPhone,Wo ist der FuriLabs-Blog?,"Blog, Artikel, Nachrichten, Updates",Lesen Sie unseren Blog unter https://furilabs.com/blog/,yes
454,de,Allgemein,Wo kann ich die FuriLabs-Webseite durchsuchen?,"Suche, finde, nachschlagen",Verwenden Sie unsere Suche unter https://furilabs.com/search/,yes
455,de,Community & Links,Wo ist das FuriLabs-Forum?,"Forum, Community-Forum, Diskussionstafel",Nehmen Sie an Diskussionen in unserem Forum unter https://furilabs.com/forum/ teil,yes
456,de,FuriOS / FuriPhone,Wo kann ich die Flash-Anleitung finden?,"Flash-Anleitung, Flashing, Betriebssystem installieren, Firmware-Anleitung, Flash-Link, Flash-Seite, Flash-URL, Flashing-Link, Flashing-Seite",Sehen Sie die Flash-Anleitung unter https://furilabs.com/flash-guide/,yes
457,de,FuriOS / FuriPhone,Wo kann ich die Änderungsprotokolle sehen?,"Änderungsprotokoll, Updates, Versions-Geschichte, Release Notes",Überprüfen Sie das Änderungsprotokoll unter https://furilabs.com/changelog/,yes
458,de,Allgemein,Wo ist die Datenschutzerklärung?,"Datenschutzerklärung, Datenschutz, Datenschutz",Lesen Sie unsere Datenschutzerklärung unter https://furilabs.com/privacy-policy/,yes
459,de,Versand,Wo kann ich Versand-Informationen finden?,"Versand-Info, Liefer-Info, Versand-Richtlinien",Sehen Sie Versand-Informationen unter https://furilabs.com/shipping/,yes
460,de,Support,Was ist die Rückgabe- und Rückerstattungsrichtlinie?,"Rückerstattung, Rückgaben, Rückgabe-Richtlinie, Geld zurück",Lesen Sie unsere Rückgabe- und Rückerstattungsrichtlinie unter https://furilabs.com/refund_returns/,yes
461,de,Community & Links,Wo ist das FuriLabs-GitHub?,"GitHub, Quellcode, Open-Source, Code-Repositorium",Besuchen Sie unser GitHub unter https://github.com/FuriLabs,yes
462,de,Allgemein,Wo ist die vollständige FAQ-Seite?,"FAQ-Seite, alle FAQs, FAQ-Liste",Durchsuchen Sie alle FAQs unter https://furilabs.com/faq/,yes
463,de,Allgemein,Wo kann ich über FuriLabs erfahren?,"Über, Über uns, Unternehmensinfo, Wer seid ihr",Erfahren Sie mehr über FuriLabs unter https://furilabs.com/about-us/,yes
464,de,Allgemein,Wo ist die FuriLabs-Timeline?,"Timeline, Geschichte, Roadmap, Unternehmensgeschichte",Sehen Sie unsere Timeline unter https://furilabs.com/timeline/,yes
465,de,Allgemein,Wo kann ich FuriLabs-Medienbeiträge sehen?,"Medien, Presse, Nachrichten-Berichterstattung, in den Medien",Sehen Sie FuriLabs in den Medien unter https://furilabs.com/furilabs-in-the-media/,yes
466,de,Support,Wie kann ich FuriLabs kontaktieren?,"Kontakt, Support, E-Mail, in Kontakt treten",Kontaktieren Sie uns unter https://furilabs.com/contact/ oder per E-Mail contact@furilabs.com,yes
467,de,Allgemein,Wo ist die FuriLabs-Telegram-Gruppe?,"Telegram, Telegram-Gruppe, Telegram-Chat",Treten Sie unserem Telegram-Chat unter https://t.me/furilabs_chat bei,yes
468,de,Community & Links,Wo ist FuriLabs auf Mastodon?,"Mastodon, Fosstodon, soziale Medien",Folgen Sie uns auf Mastodon unter https://fosstodon.org/@furilabs,yes
469,de,Community & Links,Wo ist der FuriLabs-Matrix-Raum?,"Matrix, Matrix-Chat, Matrix-Raum",Treten Sie unserem Matrix-Raum unter https://matrix.to/#/#FuriLabs:matrix.org bei,yes
470,de,Netzwerk & Konnektivität,Wo ist FuriLabs auf LinkedIn?,"LinkedIn, professionelles Netzwerk",Verbinden Sie sich auf LinkedIn unter https://www.linkedin.com/company/furilabs/,yes
471,de,Community & Links,Wo ist FuriLabs auf Twitter/X?,"Twitter, X, soziale Medien",Folgen Sie uns auf X/Twitter unter https://x.com/FuriLabs,yes
472,de,Allgemein,Wo ist der FuriLabs-YouTube-Kanal?,"YouTube, Videos, Kanal",Sehen Sie unsere Videos unter https://www.youtube.com/@FuriLabs/videos,yes
473,de,Community & Links,Wo ist FuriLabs auf Bluesky?,"Bluesky, bsky, soziale Medien",Folgen Sie uns auf Bluesky unter https://bsky.app/profile/furilabs.bsky.social,yes
474,de,Netzwerk & Konnektivität,Wo kann ich die APN-Konfiguration finden?,"APN, Access Point Namen, Mobilfunk-Daten-Konfiguration, APN-Einstellungen, APN-URL, APN-Link, APN-Seite",Sehen Sie APN-Konfigurationen unter https://apn.how/ oder die vollständige Konfiguration unter https://android.googlesource.com/device/sample/+/master/etc/apns-full-conf.xml,yes
475,de,Versand,Wo kann ich Verfolgungsdetails finden?,Lieferverfolgung,Überprüfen Sie Ihre Bestellungsseite in FuriLabs.com. Die Verfolgungsnummer und Link zu weiteren Details werden dort sein.,yes
476,de,FuriOS / FuriPhone,Wie SSH ich mich in mein Telefon?,SSH,Installieren Sie zuerst die SSH-Pakete: sudo apt install openssh-server usb-tethering -y. Stecken Sie ein USB-C-Kabel in Ihren Computer und dann ssh furios@10.15.19.82. Alternativ müssen Sie möglicherweise zu Einstellungen > System > Sichere Shell gehen und sie einschalten. Schließlich um über WiFi zu verbinden erhalten Sie Ihre IP von Einstellungen > WLAN > Verbundenes WiFi > Klicken Sie auf das Zahnrad-Symbol,yes
477,de,FuriOS / FuriPhone,Werden andere Betriebssysteme unterstützt?,"OS, Betriebssystem",Das Furi Labs-Team ist einfach nicht groß genug um andere Betriebssysteme als FuriOS zu unterstützen das für unsere Produkte wie das FLX1 optimiert ist. Während Benutzer andere Betriebssysteme auf dem Gerät portieren und nutzen können unsere Teams nicht genug Arbeitskraft um dies zu unterstützen.,yes
478,de,FuriOS / FuriPhone,Wie greife ich auf USB Mass Storage Device zu,Massenschpeicher,Um den Gerätespeicher über Kabel in Ihrem Computer zu nutzen können Sie zu Einstellungen->USB gehen und MTP aktivieren und USB-Status zu MTP ändern,yes
479,de,FuriOS / FuriPhone,Ich habe mein Telefon kaputt gemacht weil ich etwas gemacht habe,"Defekt, Kaputt, Schwarzer Bildschirm",Starten Sie die Recovery-Umgebung und führen Sie einen Werks-Reset durch was das Gerät in einen funktionierenden Zustand bringen sollte,yes
480,de,FuriOS / FuriPhone,Was ist der Unterschied zwischen den stabilen und Test-Zweigen?,"Git, Zweig",Stabil gilt als unser produktionsreifer FuriOS und Testing kann brechen oder Funktionen haben die nicht getestet wurden und können unvorhersehbare Ergebnisse haben.,yes
481,de,FuriOS / FuriPhone,Kann ich Android-Apps verwenden?,Android,Ja. FuriOS ermöglicht das Ausführen von Apps in einem Container mit Android-Code namens Andromeda. Dieser Container hat vollständige Integration mit dem Host und macht alle Android-Anwendungen wie native Anwendungen funktionieren,yes
482,de,FuriOS / FuriPhone,Wie kann ich die Ticket Box-Funktion verwenden?,Fehlerbehebung,Öffnen Sie die App Mobile Settings Scrollen Sie zu Sperrbildschirm und aktivieren Sie Ticket Box Wählen Sie ein Verzeichnis um Ihre PDFs zu platzieren,yes
483,de,FuriOS / FuriPhone,Wie öffne ich die Tastatur manuell,Tastatur,Sie können die Tastatur öffnen indem Sie auf der Navigationsleiste am unteren Rand des Bildschirms lange drücken,yes
484,de,FuriOS / FuriPhone,Wie sichere ich mein Telefon?,Sicherung,Es wird empfohlen Ihr Telefon vor jedem monatlichen Update zu sichern. Sie können dies einfach tun indem Sie die folgenden Schritte befolgen. Öffnen Sie ein Terminal und navigieren Sie zu dem Pfad wo Sie die Sicherung speichern möchten. Laden Sie Ihr $HOME-Verzeichnis über scp -r furios@FLX1_IP:/home/furios herunter .,yes
485,de,FuriOS / FuriPhone,Ist das Gerät Carrier-entsperrt?,"carriers, sim",Alle Furi Labs-Geräte sind international Carrier-entsperrt.,yes
486,de,FuriOS / FuriPhone,Was ist meine WLAN-IP-Adresse?,"WLAN, Wifi",Die IP wird normalerweise über DHCP in Ihrem Netzwerk erhalten. Erhalten Sie Ihre IP von Einstellungen > WiFi > Verbundenes WiFi > Klicken Sie auf das Zahnrad-Symbol Siehe SSH FAQ um eine Verbindung herzustellen.,yes
